<?xml version="1.0" encoding="UTF-8"?>
<project-private xmlns="http://www.netbeans.org/ns/project-private/1">
    <editor-bookmarks xmlns="http://www.netbeans.org/ns/editor-bookmarks/2" lastBookmarkId="0"/>
    <open-files xmlns="http://www.netbeans.org/ns/projectui-open-files/2">
        <group>
            <file>file:/C:/Users/Dimo/Desktop/unitn/Third%20Semester/web%20architecture/Projects/WebArchAssignments/Project1/Assignment11/web/forgetCookie.html</file>
            <file>file:/C:/Users/Dimo/Desktop/unitn/Third%20Semester/web%20architecture/Projects/WebArchAssignments/Project1/Assignment11/src/java/welcome.java</file>
            <file>file:/C:/Users/Dimo/Desktop/unitn/Third%20Semester/web%20architecture/Projects/WebArchAssignments/Project1/Assignment11/web/welcome.html</file>
            <file>file:/C:/Users/Dimo/Desktop/unitn/Third%20Semester/web%20architecture/Projects/WebArchAssignments/Project1/Assignment11/web/index.html</file>
            <file>file:/C:/Users/Dimo/Desktop/unitn/Third%20Semester/web%20architecture/Projects/WebArchAssignments/Project1/Assignment11/web/inputForm.html</file>
            <file>file:/C:/Users/Dimo/Desktop/unitn/Third%20Semester/web%20architecture/Projects/WebArchAssignments/Project1/Assignment11/src/java/forgetMe.java</file>
        </group>
    </open-files>
</project-private>
